{
  "speedup": 38.70839524517088,
  "time_saved_ms": 40604.399999999994,
  "worthwhile": true
}